City_ID,City,Lat,Lng,Max Temp,Humidity,Cloudiness,Wind Speed,Country,Date
0,waitangi,-43.9535,-176.5597,290.27,88,95,0.45,NZ,1707072492
1,puerto natales,-51.7236,-72.4875,298.4,38,75,15.95,CL,1707072450
2,guerrero negro,27.9769,-114.0611,291.46,50,0,2.6,MX,1707072492
3,grytviken,-54.2811,-36.5092,277.19,70,18,6.5,GS,1707072492
4,kot samaba,28.5522,70.4684,288.07,49,0,2.6,PK,1707072493
5,celestun,20.8667,-90.4,299.07,70,14,4.09,MX,1707072493
6,west island,-12.1568,96.8225,301.14,78,75,3.6,CC,1707072493
7,kayangel,8.0823,134.7173,300.8,79,100,8.11,PW,1707072493
8,happy valley-goose bay,53.3168,-60.3315,255.32,60,20,1.54,CA,1707072310
9,puerto baquerizo moreno,-0.9,-89.6,300.7,83,100,4.12,EC,1707072494
10,ulsteinvik,62.3432,5.8487,276.43,83,100,8.05,NO,1707072494
11,ilulissat,69.2167,-51.1,251.16,54,20,2.06,GL,1707072452
12,kirillov,59.863,38.3813,259.25,99,100,1.3,RU,1707072495
13,vorgashor,67.5833,63.95,256.31,91,100,1.11,RU,1707072495
14,blackmans bay,-43.0167,147.3167,285.22,96,49,0.45,AU,1707072481
15,aykhal,66.0,111.5,243.47,93,74,3.21,RU,1707072495
16,sitka,57.0531,-135.33,277.09,93,100,2.57,US,1707072496
17,mbuji-mayi,-6.15,23.6,295.07,92,100,0.71,CD,1707072496
18,lebu,-37.6167,-73.65,291.86,65,0,5.36,CL,1707072496
19,elverum,60.8819,11.5623,263.45,98,100,0.93,NO,1707072496
20,brookings,44.3114,-96.7984,275.47,100,100,3.6,US,1707072496
21,ushuaia,-54.8,-68.3,289.96,59,75,7.2,AR,1707072497
22,jackson,42.4165,-122.8345,281.4,66,100,3.13,US,1707071929
23,tazovsky,67.4667,78.7,259.24,95,100,3.78,RU,1707072497
24,kralendijk,12.15,-68.2667,303.14,74,40,5.14,BQ,1707072497
25,arraial do cabo,-22.9661,-42.0278,303.13,74,75,7.72,BR,1707072497
26,remire-montjoly,4.9167,-52.2667,305.17,66,20,5.66,GF,1707072482
27,hawaiian paradise park,19.5933,-154.9731,294.75,81,75,1.54,US,1707072498
28,itacare,-14.2775,-38.9967,301.42,68,1,3.33,BR,1707072498
29,oriximina,-1.7656,-55.8661,305.89,52,99,2.73,BR,1707072498
30,kismayo,-0.3582,42.5454,300.42,83,51,6.64,SO,1707072499
31,khalabat,34.06,72.8894,280.75,80,1,2.45,PK,1707072499
32,pangody,65.85,74.4859,256.97,97,100,2.41,RU,1707072499
33,socorro,31.6546,-106.3033,285.64,33,0,7.72,US,1707072227
34,el granada,37.5027,-122.4694,286.99,92,100,11.32,US,1707072499
35,invercargill,-46.4,168.35,287.05,99,98,1.34,NZ,1707072426
36,kapa'a,22.0752,-159.319,295.33,70,100,10.29,US,1707072500
37,port elizabeth,-33.918,25.5701,296.54,95,40,3.09,ZA,1707072500
38,hinton,53.4001,-117.5857,270.78,72,100,0.9,CA,1707072500
39,adamstown,-25.066,-130.1015,298.06,79,100,3.69,PN,1707072500
40,iqaluit,63.7506,-68.5145,254.0,78,100,5.14,CA,1707072501
41,port-aux-francais,-49.35,70.2167,278.2,72,7,10.06,TF,1707072501
42,ribeira grande,38.5167,-28.7,290.8,94,75,9.83,PT,1707072501
43,fisterra,42.9049,-9.2629,285.79,82,83,0.3,ES,1707072501
44,chibougamau,49.9168,-74.3659,265.94,93,0,0.0,CA,1707072502
45,hasaki,35.7333,140.8333,274.37,58,100,3.19,JP,1707072502
46,balsas,-7.5325,-46.0356,305.04,49,93,1.99,BR,1707072502
47,port lincoln,-34.7333,135.8667,290.04,69,100,6.69,AU,1707072502
48,enewetak,11.3474,162.3373,299.58,75,100,8.74,MH,1707072503
49,aripuana,-9.1667,-60.6333,296.4,98,100,0.75,BR,1707072503
50,alagapuram,11.8871,78.9176,294.44,87,19,1.46,IN,1707072503
51,edinburgh of the seven seas,-37.0676,-12.3116,288.9,77,70,9.17,SH,1707072503
52,bethel,41.3712,-73.414,280.69,46,0,4.12,US,1707072504
53,ola,59.5833,151.2833,249.65,85,12,4.6,RU,1707072504
54,mastic beach,40.7668,-72.8521,280.43,48,0,4.63,US,1707072504
55,caleta de carquin,-11.0925,-77.6267,299.73,71,94,3.94,PE,1707072504
56,ponta delgada,37.7333,-25.6667,291.59,88,20,6.69,PT,1707072505
57,holualoa,19.6228,-155.9522,295.8,73,40,3.6,US,1707072505
58,daru,-9.0763,143.2092,299.1,91,100,3.18,PG,1707072505
59,smithers,54.7804,-127.1743,262.33,85,0,2.06,CA,1707072505
60,phan rang-thap cham,11.5667,108.9833,295.42,91,20,1.88,VN,1707072506
61,la passe,45.5549,-0.8967,281.28,88,91,2.52,FR,1707072506
62,albany,42.6001,-73.9662,277.92,55,2,1.34,US,1707072352
63,ebon,4.582,168.6964,301.2,71,100,8.89,MH,1707072506
64,carutapera,-1.195,-46.02,303.13,64,20,4.37,BR,1707072506
65,piti village,13.4626,144.6933,299.64,84,40,5.66,GU,1707072507
66,bereket,39.2446,55.5154,281.21,46,1,2.22,TM,1707072507
67,codrington,-38.2667,141.9667,289.1,82,100,6.21,AU,1707072507
68,el calafate,-50.3408,-72.2768,292.78,52,75,8.68,AR,1707072507
69,lagoa,39.05,-27.9833,289.23,88,0,9.38,PT,1707072507
70,cill airne,52.05,-9.5167,283.74,87,97,4.58,IE,1707072508
71,bikenibeu village,1.3673,173.1241,301.13,89,40,3.6,KI,1707072508
72,alesund,62.4723,6.1549,276.43,93,75,8.23,NO,1707072508
73,mount pearl,47.5166,-52.7813,274.73,96,100,11.83,CA,1707072508
74,kuta,-8.7233,115.1723,301.12,83,40,5.81,ID,1707072509
75,yellowknife,62.456,-114.3525,253.31,79,20,2.06,CA,1707072509
76,val-d'or,48.1002,-77.7828,271.2,86,100,0.0,CA,1707072441
77,neryungri,56.6709,124.6491,237.18,95,52,0.78,RU,1707072509
78,utrik,11.2278,169.8474,299.08,72,39,7.12,MH,1707072509
79,puerto ayora,-0.7393,-90.3518,301.23,87,67,3.13,EC,1707072510
80,udachny,66.4167,112.4,241.51,96,56,2.3,RU,1707072510
81,afaahiti,-17.75,-149.2833,300.08,86,100,6.66,PF,1707072510
82,keflavik,64.0049,-22.5624,268.39,86,75,3.09,IS,1707072510
83,ar ruways,24.1103,52.7306,291.33,56,0,5.84,AE,1707072510
84,fortuna,40.5982,-124.1573,281.34,97,75,0.0,US,1707072511
85,nar'yan-mar,67.6713,53.087,253.77,91,82,3.13,RU,1707072511
86,sale,34.0389,-6.8166,289.68,100,40,0.0,MA,1707072511
87,kidal,18.4411,1.4078,293.24,9,0,5.31,ML,1707072511
88,touros,-5.1989,-35.4608,302.6,64,5,7.49,BR,1707072512
89,kodiak,57.79,-152.4072,273.88,86,40,4.12,US,1707072512
90,bredasdorp,-34.5322,20.0403,296.02,82,25,2.3,ZA,1707072272
91,sambava,-14.2667,50.1667,299.2,86,96,3.97,MG,1707072512
92,constantia,44.1833,28.65,281.53,80,100,5.27,RO,1707072261
93,tura,25.5198,90.2201,286.65,44,67,1.4,IN,1707072513
94,bridgewater,44.3835,-64.5155,269.97,83,100,13.38,CA,1707072513
95,akrehamn,59.2667,5.1833,278.94,70,20,14.4,NO,1707072513
96,saipan,15.1355,145.701,299.54,69,75,9.26,MP,1707072513
97,sillamae,59.3997,27.7547,271.47,80,100,7.08,EE,1707072513
98,cheremkhovo,53.1561,103.0675,247.45,100,93,1.93,RU,1707072514
99,prado,-17.3411,-39.2208,301.12,65,20,3.48,BR,1707072504
100,tiksi,71.6872,128.8694,239.53,100,95,0.3,RU,1707072514
101,at taj,24.2049,23.2857,284.52,42,0,3.61,LY,1707072514
102,hermanus,-34.4187,19.2345,294.15,88,4,1.03,ZA,1707072515
103,trondheim,63.4305,10.3951,273.2,92,100,3.67,NO,1707072323
104,flying fish cove,-10.4217,105.6791,297.97,94,75,1.54,CX,1707072515
105,petropavlovsk-kamchatsky,53.0452,158.6483,260.48,81,0,3.13,RU,1707072515
106,fernie,49.5,-115.0687,271.53,83,100,1.21,CA,1707072443
107,noumea,-22.2763,166.4572,301.48,99,100,6.07,NC,1707072516
108,wheeling,42.1392,-87.929,282.92,67,0,6.69,US,1707072516
109,margate,51.3813,1.3862,285.76,75,100,4.92,GB,1707072437
110,port mathurin,-19.6833,63.4167,299.36,72,69,6.99,MU,1707072517
111,polyarnyy,69.1989,33.4478,261.62,84,100,7.03,RU,1707072517
112,badger,64.8,-147.5333,250.82,64,40,1.54,US,1707072518
113,kilifi,-3.6305,39.8499,299.9,83,100,3.92,KE,1707072518
114,fale old settlement,-9.3852,-171.2468,302.29,77,100,11.33,TK,1707072518
115,petukhovo,55.0692,67.9019,265.92,92,100,6.07,RU,1707072519
116,lee acres,35.1487,-106.647,282.47,34,20,8.75,US,1707072519
117,hamilton,39.1834,-84.5333,286.61,45,0,5.14,US,1707072337
118,geraldton,-28.7667,114.6,290.38,72,45,8.23,AU,1707072519
119,bugene,-1.5911,31.1403,289.79,84,97,1.25,TZ,1707072520
120,ust-nera,64.5667,143.2,243.71,97,98,1.88,RU,1707072518
121,konarka,19.9,86.1167,295.37,84,0,3.01,IN,1707072520
122,roma,43.2128,-75.4557,278.0,61,100,3.09,US,1707072520
123,teplyk,48.6657,29.745,277.21,71,100,6.87,UA,1707072521
124,avarua,-21.2078,-159.775,301.18,78,42,1.03,CK,1707072521
125,guelmim,28.987,-10.0574,295.34,14,100,8.23,MA,1707072521
126,olonkinbyen,70.9221,-8.7187,267.0,74,100,9.23,SJ,1707072522
127,saint-joseph,-21.3667,55.6167,295.36,73,17,4.11,RE,1707072522
128,nemuro,43.3236,145.575,266.64,71,11,7.58,JP,1707072522
129,chonchi,-42.6128,-73.8092,298.77,30,3,0.97,CL,1707072523
130,bilibino,68.0546,166.4372,241.72,82,8,2.42,RU,1707072523
131,kenora,49.8167,-94.4337,273.69,100,100,1.03,CA,1707072523
132,wailua homesteads,22.0669,-159.378,294.59,73,100,10.29,US,1707072523
133,rongelap,11.1635,166.8941,299.43,74,100,7.77,MH,1707072524
134,mongo,12.1844,18.693,300.12,16,4,3.35,TD,1707072524
135,coron,11.9986,120.2043,299.21,79,0,4.17,PH,1707072524
136,katsuura,35.1333,140.3,280.25,80,100,4.48,JP,1707072524
137,walvis bay,-22.9575,14.5053,294.68,78,100,0.51,NA,1707072525
138,nova sintra,14.8667,-24.7167,294.67,69,0,3.85,CV,1707072525
139,zaozersk,69.4005,32.4476,257.38,95,76,3.28,RU,1707072525
140,san mariano,7.5,126.0,293.89,96,6,1.26,PH,1707072526
141,mogocha,53.7333,119.7667,243.92,100,26,1.24,RU,1707072526
142,mirny,62.5353,113.9611,245.5,75,100,0.89,RU,1707072526
143,belgrade,44.804,20.4651,284.65,68,0,2.06,RS,1707072283
144,khilok,51.3674,110.4676,251.61,99,99,0.69,RU,1707072527
145,whitehorse,60.7161,-135.0538,246.58,69,75,1.54,CA,1707072428
146,protaras,35.0125,34.0583,285.36,84,14,0.89,CY,1707072527
147,zheleznodorozhnyy,55.7503,38.0042,273.38,97,100,3.13,RU,1707072528
148,jamestown,42.097,-79.2353,282.88,42,0,2.06,US,1707072528
149,cadale,2.7603,46.3222,299.22,80,100,9.93,SO,1707072528
150,ca mau,9.1769,105.15,296.89,89,27,1.03,VN,1707072529
151,nadi,-17.8,177.4167,297.15,88,40,1.54,FJ,1707072529
152,leh,34.1667,77.5833,257.55,82,48,0.17,IN,1707072529
153,ketchikan,55.3422,-131.6461,276.67,93,100,1.54,US,1707072530
154,stanley,54.868,-1.6985,285.53,83,75,10.8,GB,1707072530
155,thompson,55.7435,-97.8558,270.24,93,100,5.66,CA,1707072436
156,guiratinga,-16.3494,-53.7583,296.86,76,100,2.11,BR,1707072530
157,beniganj,27.2833,80.45,287.25,98,100,0.65,IN,1707072531
158,sao desiderio,-12.3633,-44.9733,300.17,66,100,1.16,BR,1707072531
159,thanh pho uong bi,21.0333,106.7833,296.14,89,100,2.37,VN,1707072531
160,carnarvon,-24.8667,113.6333,295.79,63,0,11.4,AU,1707072531
161,dubbo,-32.25,148.6167,304.22,48,75,8.75,AU,1707072532
162,mar del plata,-38.0023,-57.5575,294.23,60,20,5.14,AR,1707072454
163,tual,-5.6667,132.75,301.93,77,100,5.24,ID,1707072532
164,tibigan,9.9518,123.9622,298.15,86,4,3.89,PH,1707072532
165,keetmanshoop,-26.5833,18.1333,307.66,18,78,2.57,NA,1707072533
166,attapeu,14.8,106.8333,296.11,73,4,0.65,LA,1707072533
167,margaret river,-33.95,115.0667,288.1,66,81,3.12,AU,1707072533
168,varzea da palma,-17.5981,-44.7308,299.48,70,100,1.53,BR,1707072534
169,vadso,70.0744,29.7487,270.24,74,75,7.2,NO,1707072534
170,longyearbyen,78.2186,15.6401,271.06,80,75,12.86,SJ,1707072457
171,bardai,11.65,7.2333,294.69,15,100,4.69,NG,1707072534
172,pasni,25.2631,63.471,295.2,58,1,4.9,PK,1707072535
173,berezovyy,51.6667,135.7,250.41,95,5,1.46,RU,1707072535
174,meadow lakes,61.6247,-149.6011,268.5,85,100,0.0,US,1707072535
175,kawm umbu,24.4767,32.9463,287.38,23,5,5.03,EG,1707072535
176,yigo village,13.5361,144.8886,298.77,85,100,9.26,GU,1707072536
177,meriden,41.5382,-72.807,280.88,43,0,4.12,US,1707072536
178,alofi,-19.0595,-169.9187,299.09,94,100,2.06,NU,1707072536
179,dudinka,69.4058,86.1778,255.16,96,98,3.98,RU,1707072537
180,atafu village,-8.5421,-172.5159,301.8,79,100,9.91,TK,1707072537
181,aasiaat,68.7098,-52.8699,241.49,89,10,1.8,GL,1707072478
182,novo cruzeiro,-17.4681,-41.8753,299.21,58,89,2.48,BR,1707072537
183,ternate,0.8,127.4,299.65,81,85,2.4,ID,1707072538
184,tolanaro,-25.0319,46.9987,298.19,88,75,8.23,MG,1707072536
185,bima,-8.4667,118.7167,298.25,94,100,0.94,ID,1707072538
186,siemiatycze,52.4272,22.8623,277.98,83,100,10.72,PL,1707072538
187,isafjordur,66.0755,-23.124,270.17,74,100,5.66,IS,1707072539
188,kramfors,62.9316,17.7765,271.04,69,100,1.03,SE,1707072539
189,brezina,33.0989,1.2608,283.48,43,0,1.65,DZ,1707072539
190,hammerfest,70.6634,23.6821,269.4,80,75,2.57,NO,1707072539
191,salekhard,66.53,66.6019,257.19,95,100,1.85,RU,1707072540
192,jeju city,33.5097,126.5219,284.11,87,100,11.32,KR,1707072540
193,leninskoye,41.7589,69.3864,269.42,87,100,2.1,KZ,1707072540
194,santa lucia cotzumalguapa,14.3333,-91.0167,306.25,34,6,5.33,GT,1707072540
195,port douglas,-16.4833,145.4667,300.0,84,81,1.25,AU,1707072541
196,monki,53.405,22.7979,277.41,96,100,9.68,PL,1707072541
197,fort st. john,56.2499,-120.8529,266.09,63,20,2.06,CA,1707072541
198,ulenje,-8.9333,33.6833,288.51,95,100,0.64,TZ,1707072541
199,howard springs,-12.497,131.047,301.1,95,0,2.76,AU,1707072542
200,dera bugti,29.0307,69.151,286.03,50,0,2.77,PK,1707072542
201,saint-pierre,-21.3393,55.4781,295.97,73,0,2.57,RE,1707072542
202,nuku'alofa,-21.1333,-175.2,299.34,94,40,3.09,TO,1707072542
203,xinmin,41.9908,122.8253,262.71,64,100,6.82,CN,1707072543
204,antsiranana,-12.2787,49.2917,298.5,91,100,2.07,MG,1707072436
205,gowurdak,37.8124,66.0466,277.55,51,34,1.04,TM,1707072543
206,axim,4.8699,-2.2405,300.78,78,100,3.77,GH,1707072543
207,sferracavallo,42.726,12.0956,285.55,85,35,1.14,IT,1707072543
208,palmerston north,-40.35,175.6167,288.58,87,38,0.45,NZ,1707072544
209,vila franca do campo,37.7167,-25.4333,291.42,99,5,3.3,PT,1707072475
210,porto velho,-8.7619,-63.9039,299.18,89,75,3.09,BR,1707072534
211,peniche,39.3558,-9.3811,288.31,82,100,1.9,PT,1707072544
212,trairi,-3.2778,-39.2689,303.67,59,95,7.22,BR,1707072427
213,anloga,5.7947,0.8973,300.69,78,16,5.39,GH,1707072545
214,sarangani,5.4033,125.4636,300.33,78,11,9.64,PH,1707072545
215,iskateley,67.6803,53.1512,253.72,91,85,3.13,RU,1707072545
216,sao tome,0.3365,6.7273,301.28,79,12,1.63,ST,1707072545
217,novo aripuana,-5.1206,-60.3797,303.36,74,92,0.57,BR,1707072545
218,san patricio,28.017,-97.5169,297.07,35,0,11.18,US,1707072546
219,vernon,50.2581,-119.2691,275.79,91,100,2.06,CA,1707072546
220,zav'yalovo,56.7847,53.3776,265.04,93,100,4.92,RU,1707072546
221,al khums,32.6486,14.2619,288.45,73,10,6.38,LY,1707072546
222,faya-largeau,17.9257,19.1043,291.84,16,8,9.92,TD,1707072546
223,qaqortoq,60.7167,-46.0333,253.23,70,0,2.07,GL,1707072547
224,ancud,-41.8697,-73.8203,291.32,55,54,4.7,CL,1707072445
225,st. john's,47.5649,-52.7093,275.19,96,100,11.83,CA,1707072547
226,kon tum,14.35,108.0,292.06,90,10,1.0,VN,1707072548
227,kristiansund,63.1115,7.732,273.51,93,75,2.57,NO,1707072548
228,bonthe,7.5264,-12.505,300.47,73,86,3.35,SL,1707072548
229,lukow,51.929,22.3796,279.22,75,100,10.71,PL,1707072548
230,paragominas,-2.9667,-47.4833,301.5,82,51,1.96,BR,1707072548
231,uliastay,47.7417,96.8444,249.2,88,16,2.94,MN,1707072549
232,galle,6.0367,80.217,298.52,85,92,2.36,LK,1707072549
233,grande prairie,55.1667,-118.8027,260.25,85,20,2.06,CA,1707072549
234,punta arenas,-53.15,-70.9167,293.21,56,75,5.14,CL,1707072519
235,mount gambier,-37.8333,140.7667,288.21,71,98,4.14,AU,1707072550
236,puerto san jose,13.9256,-90.8244,304.82,53,21,9.58,GT,1707072550
237,catriel,-37.8791,-67.7956,305.02,22,2,13.27,AR,1707072551
238,conception bay south,47.4999,-52.9981,275.06,96,100,10.09,CA,1707072551
239,wamba,8.9333,8.6,299.78,16,21,1.69,NG,1707072551
240,dar chioukh,34.8964,3.4854,283.37,45,0,0.43,DZ,1707072552
241,moyo,3.6609,31.7247,298.49,43,99,1.94,UG,1707072552
242,namibe,-15.1961,12.1522,299.38,79,92,2.62,AO,1707072552
243,mugia,43.1041,-9.2179,285.88,84,88,0.71,ES,1707072553
244,luwuk,-0.9516,122.7875,299.04,84,99,1.61,ID,1707072553
245,pisco,-13.7,-76.2167,300.18,65,0,5.14,PE,1707072259
246,bel ombre,-4.6167,55.4167,301.06,78,20,2.06,SC,1707072553
247,khandyga,62.6667,135.6,229.46,100,67,0.58,RU,1707072554
248,mirnyy,62.5353,113.9611,245.5,75,100,0.89,RU,1707072554
249,klyuchi,52.2667,79.1667,268.73,89,100,5.39,RU,1707072555
250,fort mcmurray,56.7268,-111.381,261.92,85,0,3.6,CA,1707072340
251,laojunmiao,39.8333,97.7333,265.51,49,0,0.43,CN,1707072556
252,egersund,58.4513,5.9997,277.25,77,100,9.96,NO,1707072556
253,lodeynoye pole,60.726,33.5531,269.83,97,100,1.88,RU,1707072557
254,la'ie,21.6477,-157.9253,295.62,64,81,4.92,US,1707072557
255,jiagedaqi,50.4167,124.1167,246.89,99,11,1.4,CN,1707072558
256,cidade velha,14.9167,-23.6167,300.41,54,0,7.2,CV,1707072558
257,petropavlovka,50.6114,105.3196,256.17,95,100,0.72,RU,1707072559
258,buka,40.8108,69.1986,276.13,68,100,1.43,UZ,1707072559
259,revda,56.801,59.9303,255.71,100,95,1.39,RU,1707072560
260,at-bashi,41.1702,75.8106,256.89,76,18,1.31,KG,1707072560
261,broome,42.2506,-75.833,279.2,51,0,1.54,US,1707072560
262,tralee,52.2704,-9.7026,283.58,90,95,5.24,IE,1707072561
263,bintulu,3.1667,113.0333,298.38,94,40,1.54,MY,1707072561
264,labrador city,52.9463,-66.9114,263.1,57,75,2.06,CA,1707072562
265,new norfolk,-42.7826,147.0587,285.88,97,45,0.74,AU,1707072562
266,espinosa,-14.9261,-42.8192,304.56,37,78,3.58,BR,1707072562
267,kerimaki,61.9167,29.2833,269.12,93,75,1.03,FI,1707072563
268,borca,47.1833,25.7667,275.64,89,100,6.08,RO,1707072563
269,haiku-pauwela,20.9219,-156.3051,293.29,82,75,5.14,US,1707072563
270,al kharijah,25.4514,30.5464,284.69,30,0,3.32,EG,1707072563
271,lichinga,-13.3128,35.2406,292.2,100,75,4.12,MZ,1707072564
272,arno,60.1167,18.6333,273.59,75,2,5.31,SE,1707072564
273,kirakira,-10.4544,161.9205,299.71,88,55,4.05,SB,1707072564
274,gornopravdinsk,60.05,69.9,259.31,96,100,1.93,RU,1707072565
275,mukalla,14.5425,49.1242,297.45,77,28,2.67,YE,1707072565
276,misratah,32.3754,15.0925,288.92,70,0,6.38,LY,1707072565
277,champasak,14.75,106.0,295.69,70,4,0.95,LA,1707072566
278,chelm,51.1431,23.4716,278.67,76,100,9.12,PL,1707072566
279,shimoda,34.6667,138.95,277.65,76,100,4.71,JP,1707072566
280,namtsy,62.7161,129.6658,231.03,100,60,0.39,RU,1707072541
281,badiyah,22.45,58.8,292.27,67,3,2.76,OM,1707072567
282,asau,46.4333,26.4,278.86,82,100,6.9,RO,1707072567
283,shiqian,27.5225,108.2281,273.77,95,100,1.0,CN,1707072568
284,crane,31.3974,-102.3501,288.72,17,0,11.78,US,1707072568
285,eyl,7.9803,49.8164,298.45,71,33,7.41,SO,1707072568
286,zachary,30.6485,-91.1565,292.45,64,20,2.06,US,1707072569
287,mao,39.8885,4.2658,285.46,100,0,2.06,ES,1707072569
288,selkirk,50.1436,-96.8845,275.99,96,51,0.89,CA,1707072362
289,vilyuchinsk,52.9306,158.4028,261.3,77,97,4.11,RU,1707072569
290,sinan,34.8262,126.1086,279.21,86,100,9.36,KR,1707072570
291,puerto leguizamo,-0.1934,-74.7819,301.9,78,74,1.49,CO,1707072570
292,san antonio de pale,-1.4014,5.6325,301.35,78,40,2.71,GQ,1707072570
293,puri,19.8,85.85,295.44,84,0,3.38,IN,1707072571
294,kirensk,57.7853,108.1119,256.08,99,100,1.14,RU,1707072571
295,okhotsk,59.3833,143.3,249.99,79,15,6.58,RU,1707072571
296,blitar,-8.0983,112.1681,295.75,96,100,1.83,ID,1707072571
297,acapulco de juarez,16.8634,-99.8901,301.05,57,0,6.69,MX,1707072572
298,lorengau,-2.0226,147.2712,301.27,81,100,3.06,PG,1707072572
299,college,64.8569,-147.8028,250.87,72,75,1.54,US,1707072572
300,leiyang,26.4024,112.8591,273.39,92,100,2.85,CN,1707072572
301,dolores,-36.3132,-57.6792,302.27,26,8,6.7,AR,1707072573
302,albacete,38.8333,-2.0,287.14,37,0,2.06,ES,1707072573
303,butterworth,5.3991,100.3638,302.07,83,20,2.24,MY,1707072573
304,harlingen,26.1906,-97.6961,300.1,20,0,10.29,US,1707072299
305,sao felix do xingu,-6.6447,-51.995,301.0,81,65,1.63,BR,1707072574
306,dhuri,30.3667,75.8667,283.71,98,18,2.45,IN,1707072574
307,port alfred,-33.5906,26.891,296.03,95,100,1.34,ZA,1707072574
308,kuanda,56.3161,116.0806,245.1,96,100,0.48,RU,1707072575
309,agios nikolaos,35.1914,25.7133,285.8,68,65,3.87,GR,1707072575
310,lihue,21.9789,-159.3672,294.92,64,100,10.29,US,1707072575
311,kapuskasing,49.4169,-82.4331,277.15,56,20,0.0,CA,1707072541
312,mantyharju,61.4167,26.8833,271.21,94,99,3.06,FI,1707072576
313,callao,-12.0667,-77.15,302.31,58,40,3.6,PE,1707072576
314,smila,49.2224,31.8871,276.71,75,100,5.01,UA,1707072576
315,cururupu,-1.8283,-44.8683,303.71,61,7,3.43,BR,1707072577
316,kill devil hills,36.0307,-75.676,284.15,69,0,4.12,US,1707072577
317,coari,-4.085,-63.1414,300.72,89,72,2.43,BR,1707072578
318,hithadhoo,-0.6,73.0833,301.62,76,99,5.74,MV,1707072578
319,merizo village,13.2658,144.6691,299.46,88,86,9.65,GU,1707072578
320,metro,-5.1131,105.3067,297.33,95,100,0.66,ID,1707072578
321,tosontsengel,48.7567,98.2839,246.41,100,100,0.63,MN,1707072579
322,thunder bay,48.4001,-89.3168,276.14,86,0,2.57,CA,1707072420
323,cabo san lucas,22.8909,-109.9124,297.93,57,0,1.79,MX,1707072529
324,belogorsk,50.9158,128.4611,243.1,100,54,0.64,RU,1707072579
325,road town,18.4167,-64.6167,301.17,65,40,3.03,VG,1707072580
326,conde,-7.2597,-34.9075,304.85,55,20,7.2,BR,1707072580
327,taltal,-25.4,-70.4833,296.34,75,16,1.59,CL,1707072580
328,keelung,25.1283,121.7419,290.12,85,90,2.06,TW,1707072581
329,georgetown,5.4112,100.3354,302.01,83,20,2.24,MY,1707072477
330,la ronge,55.1001,-105.2842,265.27,62,100,2.57,CA,1707072581
331,east london,-33.0153,27.9116,296.67,100,75,3.6,ZA,1707072582
332,osterburg,52.7833,11.7667,281.05,92,100,8.2,DE,1707072582
333,chipinge,-20.1883,32.6236,290.87,86,6,1.72,ZW,1707072582
334,battle ground,45.7809,-122.5334,282.94,71,6,2.24,US,1707072454
335,darwin,-12.4611,130.8418,301.14,88,75,4.12,AU,1707072583
336,guatrache,-37.6678,-63.5302,304.41,9,17,5.22,AR,1707072583
337,timimoun,29.2639,0.231,287.22,35,51,5.36,DZ,1707072583
338,cannonvale,-20.2833,148.7,300.81,69,100,2.87,AU,1707072583
339,mglin,53.0591,32.8475,273.75,89,100,7.17,RU,1707072584
340,harper,4.375,-7.7169,301.29,76,100,4.3,LR,1707072584
341,sitia,35.2,26.0986,285.92,68,85,7.33,GR,1707072584
342,geneina,13.45,22.45,296.29,17,83,6.37,SD,1707072585
343,toliara,-23.35,43.6667,298.24,87,61,4.4,MG,1707072585
344,karachi,24.9056,67.0822,291.05,77,100,2.57,PK,1707072585
345,qurayyat,31.3318,37.3428,284.25,46,0,6.17,SA,1707072585
346,canatlan,24.5167,-104.7833,292.72,11,0,2.55,MX,1707072586
347,vung tau,10.346,107.0843,298.07,91,29,4.49,VN,1707072530
348,blagodatnoye,45.3997,42.5867,279.66,85,100,11.49,RU,1707072586
349,itoman,26.1247,127.6694,296.53,88,75,8.75,JP,1707072587
350,puerto armuelles,8.2833,-82.8667,305.14,68,49,2.24,PA,1707072587
351,parras de la fuente,25.4167,-102.1833,289.11,15,0,8.82,MX,1707072587
352,rawatsar,29.2833,74.3833,285.43,86,0,4.56,IN,1707072587
353,nikolayevsk-on-amure,53.1406,140.73,248.69,99,11,1.81,RU,1707072588
354,lerwick,60.1545,-1.1494,278.15,66,100,13.92,GB,1707072588
355,elmina,5.0898,-1.348,300.46,79,29,4.05,GH,1707072588
356,luderitz,-26.6481,15.1594,292.93,83,4,4.16,NA,1707072588
357,pimentel,-6.8367,-79.9342,304.31,55,40,5.14,PE,1707072589
358,springbok,-29.6643,17.8865,293.46,51,0,2.41,ZA,1707072589
359,mersa matruh,31.3525,27.2453,286.26,67,20,3.09,EG,1707072589
360,pontianak,-0.0333,109.3333,299.14,94,100,0.51,ID,1707072589
361,castillos,-34.1667,-53.8333,297.02,53,14,5.45,UY,1707072590
362,araguaina,-7.1911,-48.2072,302.47,70,96,1.39,BR,1707072590
363,villa emilio carranza,19.9667,-96.6,299.0,69,0,4.72,MX,1707072590
364,yelizovo,53.1873,158.3805,261.23,60,0,3.13,RU,1707072590
365,kwang binh,17.4833,106.6,295.67,89,0,1.54,VN,1707072591
366,santiago de cao,-7.9589,-79.2392,299.22,69,75,2.06,PE,1707072591
367,langtoucun,40.0261,124.3286,267.32,80,100,3.12,CN,1707072591
368,palikir - national government center,6.9248,158.1611,300.56,83,100,3.09,FM,1707072591
369,constitucion,-35.3333,-72.4167,293.73,63,5,3.11,CL,1707072592
370,kyren,51.6828,102.1408,259.79,85,37,1.79,RU,1707072592
371,grand baie,-20.0182,57.5802,298.41,76,3,5.64,MU,1707072592
372,vanimo,-2.6741,141.3028,298.93,92,100,2.91,PG,1707072593
373,puerto aysen,-45.4,-72.7,294.13,59,10,1.92,CL,1707072593
374,olinda,-8.0089,-34.8553,303.0,74,40,6.69,BR,1707072593
375,akureyri,65.6835,-18.0878,261.11,79,0,2.06,IS,1707072593
376,nuuk,64.1835,-51.7216,262.49,62,100,6.69,GL,1707072594
377,brisas de zicatela,15.8369,-97.0419,303.44,66,0,8.75,MX,1707072594
378,togur,58.3631,82.8265,268.55,96,100,4.53,RU,1707072594
379,nizhniy ingash,56.2,96.53,262.71,85,96,2.21,RU,1707072594
380,arafat,21.3594,39.9664,293.03,44,60,2.82,SA,1707072595
381,acarau,-2.8856,-40.12,303.63,65,40,9.58,BR,1707072595
382,gadzhiyevo,69.2551,33.3362,261.42,84,99,7.16,RU,1707072595
383,chato,-2.6378,31.7669,293.58,82,100,1.99,TZ,1707072595
384,douentza,14.9951,-2.9517,298.42,10,2,3.83,ML,1707072596
385,raducaneni,46.95,27.9333,278.57,81,100,1.42,RO,1707072596
386,santa barbara d'oeste,-22.7536,-47.4136,301.79,65,100,2.14,BR,1707072596
387,floro,61.5996,5.0328,275.13,80,75,11.83,NO,1707072596
388,fort william,56.8165,-5.1121,280.54,96,100,1.95,GB,1707072465
389,siquijor,9.2142,123.515,299.1,83,0,7.77,PH,1707072597
390,tadine,-21.55,167.8833,299.37,89,100,7.99,NC,1707072597
391,ust'-ilimsk,58.0006,102.6619,253.95,100,98,1.79,RU,1707072570
392,pacific grove,36.6177,-121.9166,289.3,80,100,16.09,US,1707072598
393,anadyr,64.75,177.4833,257.43,66,100,7.0,RU,1707072593
394,kargopol',61.5071,38.9456,263.98,95,100,2.46,RU,1707072598
395,embi,48.8264,58.1442,272.7,96,100,10.54,KZ,1707072599
396,polokwane,-23.9045,29.4688,293.62,78,0,2.06,ZA,1707072599
397,kununurra,-15.7667,128.7333,300.14,94,8,2.06,AU,1707072510
398,rio preto da eva,-2.6994,-59.6997,303.51,70,100,1.03,BR,1707072599
399,vorkuta,67.5,64.0,256.33,92,100,1.31,RU,1707072600
400,zaragoza,41.6561,-0.8773,286.49,80,0,1.03,ES,1707072600
401,kingston,17.997,-76.7936,303.8,69,40,4.12,JM,1707072326
402,saldanha,-33.0117,17.9442,296.18,84,100,2.77,ZA,1707072601
403,atar,20.5169,-13.0499,297.28,8,100,4.92,MR,1707072601
404,kingscliff,-28.2667,153.5667,296.89,100,100,2.06,AU,1707072601
405,kuqa,41.7278,82.9364,269.49,73,100,1.61,CN,1707072583
406,cooper's town,26.8667,-77.5167,295.75,67,100,7.7,BS,1707072602
407,egilsstadir,65.2653,-14.3948,266.1,79,100,1.54,IS,1707072603
408,hami,42.8,93.45,268.01,64,0,2.44,CN,1707072603
409,cold springs,39.6802,-119.9766,273.7,92,75,5.14,US,1707072603
410,cornillon,18.6747,-71.9533,296.95,33,0,2.77,HT,1707072604
411,kerikeri,-35.2268,173.9474,284.77,91,3,1.63,NZ,1707072604
412,lamu,-2.2717,40.902,300.23,86,11,6.06,KE,1707072604
413,fort bragg,35.139,-79.006,286.59,40,0,4.63,US,1707072604
414,radyvyliv,50.1299,25.2558,278.22,80,100,7.75,UA,1707072605
415,chahal guatemala,15.75,-89.5667,306.91,37,6,0.95,GT,1707072605
416,siwa oasis,29.2041,25.5195,287.7,45,4,2.71,EG,1707072605
417,vico del gargano,41.8983,15.9576,280.85,70,0,1.27,IT,1707072605
418,ta`u,-14.2336,-169.5144,299.93,90,100,18.23,AS,1707072606
419,baikonur,45.6167,63.3167,271.98,85,100,4.62,KZ,1707072606
420,chos malal,-37.3781,-70.2709,306.87,11,0,1.49,AR,1707072606
421,peterhead,57.5058,-1.7981,281.37,83,100,6.9,GB,1707072606
422,talnakh,69.4865,88.3972,254.93,97,100,2.87,RU,1707072607
423,bubaque,11.2833,-15.8333,299.67,75,0,5.88,GW,1707072607
424,mazagao,-0.115,-51.2894,305.18,53,98,3.08,BR,1707072607
425,phang nga,8.4509,98.5298,298.17,90,96,1.11,TH,1707072608
426,gufeng,26.9083,118.9819,280.93,96,97,2.24,CN,1707072608
427,mahina,-17.5065,-149.489,301.02,74,40,2.57,PF,1707072608
428,arteaga,18.4667,-102.4167,301.21,25,0,0.8,MX,1707072608
429,fortuna foothills,32.6578,-114.4119,293.27,37,0,2.24,US,1707072609
430,zilair,52.2332,57.4392,270.2,96,100,6.47,RU,1707072609
431,i-n-salah,27.1935,2.4607,289.82,30,0,8.09,DZ,1707072609
432,qarauyl,48.9451,79.255,266.22,70,96,4.96,KZ,1707072609
433,kruisfontein,-34.0033,24.7314,295.31,77,93,1.26,ZA,1707072609
434,mamuju,-2.6748,118.8885,298.82,87,100,1.57,ID,1707072610
435,san luis,-33.295,-66.3356,305.38,35,68,5.2,AR,1707072610
436,inarajan village,13.2736,144.7484,299.69,88,84,9.76,GU,1707072611
437,vammala,61.3333,22.9,272.73,93,99,4.09,FI,1707072611
438,prainha,-1.8,-53.48,306.84,43,100,2.9,BR,1707072611
439,gizo,-8.103,156.8419,301.24,77,74,4.47,SB,1707072612
440,desaguadero,-16.5656,-69.0417,288.6,36,8,5.37,PE,1707072612
441,nyala,12.05,24.8833,295.37,17,1,5.03,SD,1707072612
442,fereydunshahr,32.941,50.121,260.43,78,2,1.97,IR,1707072612
443,puerto carreno,6.189,-67.4859,306.28,49,100,2.07,CO,1707072612
444,young,-32.6833,-57.6333,309.59,25,84,3.07,UY,1707072613
445,zuunmod,47.7069,106.9528,244.72,82,100,1.0,MN,1707072613
446,bismarck,46.8083,-100.7837,277.4,98,100,0.0,US,1707072612
447,asmar,35.0333,71.3581,274.65,77,19,3.98,AF,1707072613
448,podgornoye,51.735,39.1496,274.27,75,0,5.0,RU,1707072614
449,cockburn town,21.4612,-71.1419,299.13,61,75,5.66,TC,1707072614
450,nizhniy kuranakh,58.8353,125.4869,241.15,98,99,1.15,RU,1707072614
451,houma,29.5958,-90.7195,292.59,76,0,2.57,US,1707072614
452,shizunai-furukawacho,42.3339,142.3669,268.92,86,32,4.71,JP,1707072615
453,monchegorsk,67.9397,32.8739,254.34,99,99,0.56,RU,1707072615
454,papatowai,-46.5619,169.4708,286.39,98,100,2.29,NZ,1707072616
455,neya,58.2972,43.8681,265.67,95,100,2.86,RU,1707072616
456,tejen,37.3834,60.5054,279.72,52,13,2.15,TM,1707072616
457,kedrovyy,56.1667,91.8167,268.38,77,100,4.51,RU,1707072617
458,atrauli,28.0333,78.2833,287.64,98,70,3.28,IN,1707072617
459,sorong,-0.8833,131.25,299.95,86,100,3.84,ID,1707072617
460,essaouira,31.5125,-9.77,293.87,32,40,1.54,MA,1707072617
461,sao miguel do araguaia,-13.275,-50.1628,299.95,76,100,1.45,BR,1707072618
462,wladyslawowo,54.7909,18.4009,279.9,86,98,13.82,PL,1707072618
463,georgievka,49.3314,81.5761,264.39,84,100,4.27,KZ,1707072618
464,kibakwe,-6.7167,36.3667,292.44,94,100,1.53,TZ,1707072619
465,tingo maria,-9.2895,-76.0088,304.03,57,100,1.36,PE,1707072619
466,twon-brass,4.3151,6.2418,301.45,76,100,4.88,NG,1707072620
467,ciudad lazaro cardenas,17.9583,-102.2,300.29,56,0,4.76,MX,1707072469
468,korla,41.7597,86.1469,267.61,74,100,2.74,CN,1707072620
469,inderbor,48.55,51.7833,274.99,99,100,10.02,KZ,1707072621
470,waingapu,-9.6567,120.2641,299.43,85,100,4.48,ID,1707072621
471,ingeniero jacobacci,-41.3427,-69.5448,302.06,17,35,11.47,AR,1707072622
472,khlung,12.4547,102.2214,298.12,89,91,0.53,TH,1707072623
473,playa del ingles,27.7567,-15.5787,296.01,15,100,3.15,ES,1707072490
474,totness,5.8833,-56.3167,302.74,69,99,5.87,SR,1707072624
475,yelahanka,13.1075,77.6003,295.1,64,29,3.09,IN,1707072624
476,lyantor,61.6195,72.1555,255.93,95,100,5.32,RU,1707072624
477,varena,54.2167,24.5667,275.1,96,100,6.52,LT,1707072625
478,belmonte,-15.8631,-38.8828,301.54,67,57,3.53,BR,1707072625
479,los aquijes,-14.0967,-75.6908,306.55,41,29,5.34,PE,1707072626
480,christchurch,-43.5333,172.6333,290.12,70,26,1.03,NZ,1707072626
481,dunedin,-45.8742,170.5036,289.15,77,53,0.89,NZ,1707072577
482,tome,-36.6167,-72.95,294.49,61,0,3.69,CL,1707072627
483,dalandzadgad,43.5708,104.425,259.09,94,89,1.34,MN,1707072628
484,palmas,-10.2128,-48.3603,304.08,66,40,1.54,BR,1707072628
485,marka,1.7159,44.7717,299.6,87,100,8.67,SO,1707072628
486,madang,-5.2246,145.7966,298.36,94,100,1.88,PG,1707072628
487,ramadi,33.4226,43.3058,288.06,40,52,3.6,IQ,1707072629
488,weno,7.4515,151.8468,301.12,89,100,4.63,FM,1707072629
489,manta,-0.95,-80.7333,304.03,83,40,5.81,EC,1707072630
490,estevan,49.1334,-102.9842,277.34,100,100,4.63,CA,1707072421
491,gafour,36.3205,9.3242,284.56,61,6,1.65,TN,1707072630
492,encanto,-6.1107,-38.3051,310.73,21,1,4.87,BR,1707072631
493,jiazi,22.8779,116.067,290.82,92,8,2.45,CN,1707072631
494,kepsut,39.6889,28.1522,281.23,72,88,1.62,TR,1707072631
495,tavda,58.0425,65.2726,250.76,100,92,1.34,RU,1707072631
496,barcelos,41.5388,-8.6151,288.66,83,100,1.17,PT,1707072394
497,ruidoso,33.3317,-105.673,282.75,27,0,9.26,US,1707072632
498,selebi-phikwe,-21.979,27.8498,299.07,41,15,2.91,BW,1707072632
499,puerto deseado,-47.7503,-65.8938,300.81,31,81,12.57,AR,1707072633
500,wynyard,-41.0,145.7167,290.36,80,90,3.14,AU,1707072633
501,chauk,20.8833,94.8167,292.76,45,1,1.71,MM,1707072633
502,puruaran,19.1,-101.5333,301.37,21,0,1.7,MX,1707072633
503,ar rutbah,33.0381,40.2848,283.85,62,47,3.78,IQ,1707072634
504,talcahuano,-36.7167,-73.1167,294.97,49,0,8.23,CL,1707072585
505,vasto,42.1243,14.7059,286.01,69,3,1.01,IT,1707072634
506,along,28.1667,94.7667,284.61,75,100,0.75,IN,1707072635
507,dem'yanovo,60.3511,47.0842,261.25,94,100,4.22,RU,1707072635
508,tsukumiura,33.0706,131.8572,281.73,96,100,2.21,JP,1707072635
509,assab,13.0092,42.7394,298.65,79,16,3.24,ER,1707072636
510,mandera,3.9366,41.867,306.47,25,64,6.41,KE,1707072636
511,cambria,35.5641,-121.0808,288.02,97,100,8.05,US,1707072636
512,homer,59.6425,-151.5483,268.58,87,100,2.57,US,1707072553
513,lata,40.1629,-8.3327,288.1,80,100,0.33,PT,1707072636
514,saint-francois,46.4154,3.9054,277.84,88,100,1.03,FR,1707072637
515,mount isa,-20.7333,139.5,299.02,89,72,3.09,AU,1707072637
516,balykshi,47.0667,51.8667,275.15,93,75,11.0,KZ,1707072637
517,ilebo,-4.3167,20.5833,296.37,94,96,1.03,CD,1707072638
518,midvagur,62.0511,-7.1939,274.61,60,75,4.63,FO,1707072638
519,ra's bayrut,33.9,35.4833,284.87,66,56,6.09,LB,1707072638
520,atherton,53.5237,-2.4935,285.64,77,100,5.36,GB,1707072639
521,baardheere,2.3446,42.2764,303.55,49,95,8.12,SO,1707072639
522,borogontsy,62.6683,131.1683,231.94,100,63,1.28,RU,1707072639
523,pontes e lacerda,-15.2261,-59.3353,304.11,48,100,2.91,BR,1707072639
524,superior,46.7208,-92.1041,280.0,75,0,3.09,US,1707072640
525,omis,43.4447,16.6886,283.25,79,36,1.03,HR,1707072640
526,coxen hole,16.3244,-86.5366,301.75,70,0,4.12,HN,1707072640
527,xai-xai,-25.0519,33.6442,297.8,86,16,3.99,MZ,1707072640
528,sihanoukville,10.6093,103.5296,299.12,89,40,1.03,KH,1707072379
529,sinabang,2.4803,96.3801,300.16,79,62,1.35,ID,1707072641
530,sainte-menehould,49.0833,4.9,281.09,86,100,5.45,FR,1707072641
531,praya,14.9215,-23.5087,300.45,54,0,7.2,CV,1707072641
532,troitskoye,52.9821,84.6757,270.79,82,100,7.94,RU,1707072641
533,labasa,-16.4167,179.3833,298.64,87,93,1.94,FJ,1707072642
534,island harbour,50.724,-1.2758,285.19,91,94,4.02,GB,1707072642
535,severo-yeniseyskiy,60.3725,93.0408,254.03,98,100,1.79,RU,1707072642
536,uturoa,-16.7333,-151.4333,300.18,85,100,6.93,PF,1707072642
537,kuressaare,58.2481,22.5039,275.12,85,100,4.12,EE,1707072643
538,alice springs,-23.7,133.8833,303.9,39,17,3.09,AU,1707072643
539,sandnessjoen,66.0217,12.6316,272.27,93,75,2.57,NO,1707072643
540,hollis,42.7431,-71.5917,278.03,47,0,3.6,US,1707072401
541,malabo,3.75,8.7833,301.93,76,10,5.05,GQ,1707072644
542,dakhla,23.6848,-15.958,297.16,41,0,5.66,EH,1707072644
543,nizhneangarsk,55.7833,109.55,255.93,74,100,1.34,RU,1707072554
544,labuan,5.2767,115.2417,299.35,94,20,0.0,MY,1707072645
545,angaur state,6.906,134.13,300.52,82,82,7.92,PW,1707072645
546,sabang,5.8933,95.3214,301.0,78,89,5.92,ID,1707072645
547,peruibe,-24.32,-46.9983,302.66,66,100,1.69,BR,1707072646
548,calca,-13.3333,-71.95,294.79,71,99,3.07,PE,1707072646
549,korsakov,46.6328,142.7813,246.06,94,14,2.04,RU,1707072646
550,port saint john's,-31.6229,29.5448,297.61,89,100,5.07,ZA,1707072647
551,bodo,67.28,14.405,275.17,56,20,7.72,NO,1707072647
552,nagqu,31.5,92.0,267.36,26,100,9.63,CN,1707072647
553,luorong,24.4058,109.6086,279.94,84,99,4.49,CN,1707072648
554,arys,42.4252,68.795,272.63,91,76,2.94,KZ,1707072648
555,kavieng,-2.5744,150.7967,301.62,78,96,3.45,PG,1707072649
556,ammi moussa,35.8678,1.1114,288.8,42,5,1.58,DZ,1707072649
557,borisoglebsk,51.3671,42.0849,273.68,89,100,5.3,RU,1707072649
558,yaren,-0.5472,166.916,302.25,73,97,6.86,NR,1707072650
559,ichinoseki,38.9167,141.1333,272.84,69,100,2.25,JP,1707072650
560,oranjestad,12.524,-70.027,302.12,79,75,6.17,AW,1707072433
561,zarand,30.8127,56.564,277.76,27,0,0.77,IR,1707072650
562,heihe,50.2441,127.4902,249.48,97,8,1.49,CN,1707072651
563,al hazm,16.1641,44.7769,295.85,33,5,1.58,YE,1707072651
564,los llanos de aridane,28.6585,-17.9182,294.33,26,0,5.66,ES,1707072651
565,guelendeng,10.9176,15.5501,298.79,15,67,3.63,TD,1707072652
566,lompoc,34.6391,-120.4579,287.0,67,100,13.38,US,1707072384
567,kailua-kona,19.6406,-155.9956,296.76,73,40,3.6,US,1707072363
568,alpine,32.835,-116.7664,289.31,61,0,2.68,US,1707072568
569,raduzhnyy,62.0961,77.475,254.83,97,100,3.27,RU,1707072653
570,queenstown,-31.8976,26.8753,291.53,81,93,2.91,ZA,1707072653
571,north ward,-19.2454,146.8075,300.1,83,100,1.54,AU,1707072653
572,laguna,38.421,-121.4238,286.74,83,100,11.32,US,1707072654
573,zhangye,38.9342,100.4517,268.02,55,0,0.11,CN,1707072654
574,droichead nua,53.1819,-6.7967,284.64,84,92,7.29,IE,1707072654
575,penzance,50.1186,-5.5371,283.53,90,52,8.8,GB,1707072654
576,novyy urgal,51.0736,132.5642,240.85,100,98,0.62,RU,1707072655
577,francistown,-21.17,27.5079,300.44,36,76,5.01,BW,1707072655
578,debark',13.1561,37.8981,286.13,42,34,1.75,ET,1707072655
579,tobol'sk,58.2,68.2667,258.65,97,100,2.7,RU,1707072656
580,zayed city,24.3768,54.589,294.82,51,0,2.57,AE,1707072656
581,al mutayrifi,25.4788,49.5576,288.34,55,61,2.64,SA,1707072657
582,magdagachi,53.45,125.8,244.57,100,6,0.94,RU,1707072657
583,terrace,54.5163,-128.6035,271.6,74,20,7.72,CA,1707072657
584,semnan,35.5729,53.3971,275.14,53,7,1.25,IR,1707072657
585,richards bay,-28.783,32.0377,297.14,84,67,3.25,ZA,1707072658
586,gulf shores,30.246,-87.7008,292.23,74,75,4.47,US,1707072658
587,berbera,10.4396,45.0143,298.87,73,9,4.58,SO,1707072658
588,kita,13.0349,-9.4895,303.88,12,29,2.02,ML,1707072658
589,nouadhibou,20.931,-17.0347,302.14,14,19,0.51,MR,1707072659
590,hilo,19.7297,-155.09,294.87,89,75,1.54,US,1707072533
591,villa union,23.2,-106.2333,298.13,47,0,0.0,MX,1707072383
592,armavir,44.9892,41.1234,277.71,79,100,10.18,RU,1707072659
593,kinwat,19.6333,78.2,297.74,34,0,1.51,IN,1707072660
